{
    "roc_auc": 0.5067567567567568,
    "classification_report": {
        "0": {
            "precision": 0.6224489795918368,
            "recall": 0.8243243243243243,
            "f1-score": 0.7093023255813954,
            "support": 74.0
        },
        "1": {
            "precision": 0.5185185185185185,
            "recall": 0.27450980392156865,
            "f1-score": 0.358974358974359,
            "support": 51.0
        },
        "accuracy": 0.6,
        "macro avg": {
            "precision": 0.5704837490551776,
            "recall": 0.5494170641229466,
            "f1-score": 0.5341383422778772,
            "support": 125.0
        },
        "weighted avg": {
            "precision": 0.5800453514739229,
            "recall": 0.6,
            "f1-score": 0.5663685152057245,
            "support": 125.0
        }
    }
}